<?xml version="1.0" encoding="UTF-8"?>

<!DOCTYPE mapper PUBLIC "-//mybatis.org//DTD Mapper 3.0//EN" 
"http://mybatis.org/dtd/mybatis-3-mapper.dtd">

<mapper namespace="team3.promans.interfaces.TeamInterface">
	
	<select id="getPsUtype" parameterType="team3.promans.beans.ProjectStepBean" resultType="String">
	SELECT UTYPE FROM PROJECTSTEPVIEW WHERE CPCODE=#{cpcode} AND PRCODE = #{prcode} AND PSCODE = #{pscode} AND USERID = #{userid}
	
	</select>
	
	
	<select id="addJob" parameterType="team3.promans.beans.ProjectStepBean" resultType="team3.promans.beans.ScheduleDetailBean">
		SELECT 
		PM_CPCODE AS CPCODE,
		PM_PRCODE AS PRCODE,
		PM_USERID AS USERID,
        CM.CM_UNAME AS USERNAME 
		FROM PM INNER JOIN CM ON PM.PM_USERID = CM.CM_USERID 
		WHERE PM_CPCODE= #{cpcode} AND PM_PRCODE = #{prcode} AND PM_WCODE = '1' AND PM_USERID != #{userid}
	
	</select>
	
	<select id="getMaxSc" parameterType="team3.promans.beans.ScheduleBean" resultType="int">
		SELECT NVL(MAX(SUBSTR(SC_CODE,3,4)),0) FROM SC WHERE SC_PRCODE = #{prcode} AND SC_PSCODE = #{pscode}
		
	</select>
	
	<select id="getComplete" parameterType="team3.promans.beans.ScheduleBean" resultType="team3.promans.beans.ScheduleBean">
		SELECT*FROM SCHEDULEVIEW 
        WHERE CPCODE = #{cpcode} AND PRCODE = #{prcode} AND PSCODE = #{pscode} AND SCSTCODE = #{scstcode}
	</select>
	
	<insert id="insSchedule" parameterType="team3.promans.beans.ScheduleBean">
		INSERT INTO SC VALUES(#{cpcode},#{prcode},#{pscode},#{sccode},#{scname},#{scstate})
		
	</insert>
	
	<insert id="insScheduleMember" parameterType="team3.promans.beans.ScheduleBean">
		INSERT INTO SM VALUES(#{cpcode},#{prcode},#{pscode},#{sccode},#{userid},(SELECT CM_WCODE FROM CM WHERE CM_USERID = #{userid}),#{utype})
	</insert>
		
	<update id="requestComplete" parameterType="team3.promans.beans.ProjectStepBean">
	    UPDATE PS SET PS_STATE = #{stcode}
        WHERE PS_CPCODE = #{cpcode} AND PS_PRCODE = #{prcode} AND PS_CODE = #{pscode}
	
	</update>
	
	<update id="deleteCpMember" parameterType="team3.promans.beans.CpMemberBean">
		update cm set cm_wcode='0' where cm_userid=#{userid}
	</update>
	<update id="deleteProjectMember" parameterType="team3.promans.beans.CpMemberBean">
		update pm set pm_wcode='0' where pm_userid=#{userid}
	</update>
	<select id="selecttProjectMember" parameterType="team3.promans.beans.CpMemberBean" resultType="int">
		select count(*) from pm where pm_userid=#{userid}
	</select>
	
</mapper>